{
    "epochs": 10,
    "train_time_avg_seconds": 8.731446623802185,
    "learnable_parameters": 496867,
    "best_val_loss": 73.91981452796608,
    "best_val_loss_epoch": 10,
    "dead_neurons_percent": 0.0,
    "test_acc": 0.9629249984916725,
    "test_precision": 0.9629223344373955,
    "test_recall": 0.9629249984916725,
    "test_f1": 0.962879718260486,
    "train_acc": [
        0.9168167293485286,
        0.9377179300217715,
        0.9432925668724509,
        0.9467630977486955,
        0.9490715721243633,
        0.9505808771953831,
        0.9518401419702855,
        0.9529016136751249,
        0.9538040334503091,
        0.9544626328372394
    ],
    "train_loss": [
        0.21481117486053591,
        0.16051584759014056,
        0.14566499338752362,
        0.13699223291606058,
        0.13128849470600204,
        0.1272287629653186,
        0.1240630759823704,
        0.1215295928247067,
        0.11910879610071103,
        0.11729327749645302
    ],
    "train_time": [
        8.980226039886475,
        9.133997917175293,
        8.893801927566528,
        8.36581015586853,
        8.283282995223999,
        8.711910009384155,
        8.406447172164917,
        8.464142799377441,
        8.94520902633667,
        9.129638195037842
    ],
    "val_acc": [
        0.9430045367975708,
        0.9499559008845947,
        0.9540336695813134,
        0.9556744801093707,
        0.9584485570446004,
        0.9594263258657173,
        0.9605645681956433,
        0.9609091508463422,
        0.9622066227043892,
        0.9630599934566616
    ],
    "val_precision": [
        0.9454245782146974,
        0.9533311106798336,
        0.958207050078071,
        0.9594569985533801,
        0.9610525296150482,
        0.9643177914686898,
        0.964305124976008,
        0.9637379082639433,
        0.9667705359109398,
        0.9657751356399101
    ],
    "val_recall": [
        0.9400406447521854,
        0.9477863880429147,
        0.9514912858703889,
        0.9539955579928991,
        0.95674381094795,
        0.9568473801249517,
        0.9583384556946511,
        0.9597921814868778,
        0.9588920734852591,
        0.9622053620386085
    ],
    "val_f1": [
        0.9426241418433311,
        0.9503600828369325,
        0.9546174538228167,
        0.9566604931924471,
        0.9587764694487946,
        0.9602687418920636,
        0.9611228512515603,
        0.9616505238642107,
        0.9626502799466091,
        0.963948238924485
    ]
}