{
    "epochs": 10,
    "train_time_avg_seconds": 11.663246035575867,
    "learnable_parameters": 2337304,
    "best_val_loss": 51.43940416350961,
    "best_val_loss_epoch": 10,
    "dead_neurons_percent": 0.0,
    "test_acc": 0.9751222367284282,
    "test_precision": 0.975126671564241,
    "test_recall": 0.9751222367284282,
    "test_f1": 0.9751155798675368,
    "train_acc": [
        0.9363202278689903,
        0.9557897834636818,
        0.9613937427371468,
        0.9645488354288795,
        0.9666826192494063,
        0.9681967225350638,
        0.9693808152806431,
        0.9704182959122943,
        0.9711591757946776,
        0.9718698446960091
    ],
    "train_loss": [
        0.1665152402112079,
        0.11481702448922214,
        0.10050279800705557,
        0.09235523170161195,
        0.08690070562211057,
        0.08295730229133667,
        0.07991245869151282,
        0.07726774668575873,
        0.07519880505048249,
        0.07333046729300914
    ],
    "train_time": [
        12.062903881072998,
        11.590366125106812,
        11.678861856460571,
        11.57796311378479,
        11.737319231033325,
        11.653703212738037,
        11.47749924659729,
        11.744095087051392,
        11.492600679397583,
        11.61714792251587
    ],
    "val_acc": [
        0.956986879735679,
        0.9632988377488428,
        0.9668155711550734,
        0.9699304987989367,
        0.970209150473148,
        0.9717778101212757,
        0.972953371871855,
        0.9737084681497404,
        0.974581742593028,
        0.9749225933016615
    ],
    "val_precision": [
        0.9577179945724659,
        0.9656062907526332,
        0.968899801890246,
        0.9726807559252507,
        0.9726843526724644,
        0.9722989308649056,
        0.9757136561915811,
        0.9751293683109571,
        0.9769374232937039,
        0.9759201578670776
    ],
    "val_recall": [
        0.9565975910531341,
        0.9617952646673827,
        0.964943879804667,
        0.9670601363595439,
        0.9684827549191972,
        0.9714142036982344,
        0.9704371530895625,
        0.9727530821650711,
        0.9722789748175732,
        0.9734663878778884
    ],
    "val_f1": [
        0.9570195869868555,
        0.9635302252523787,
        0.9668428593212244,
        0.969705463670666,
        0.9705203369025491,
        0.9718405061956314,
        0.9729230606992098,
        0.9738859680891584,
        0.9745078158212236,
        0.9746792272340566
    ]
}