{
    "epochs": 10,
    "train_time_avg_seconds": 10.154342746734619,
    "learnable_parameters": 686824,
    "best_val_loss": 60.689481783658266,
    "best_val_loss_epoch": 10,
    "dead_neurons_percent": 0.0,
    "test_acc": 0.9705922782338697,
    "test_precision": 0.9707741487736203,
    "test_recall": 0.9705922782338697,
    "test_f1": 0.9706216645850705,
    "train_acc": [
        0.9290402699937605,
        0.9495224265886488,
        0.9545120366768418,
        0.9575365113034385,
        0.9596043641006111,
        0.9609892710143586,
        0.9621257370368679,
        0.9630674310874194,
        0.9638598473492441,
        0.96439831365858
    ],
    "train_loss": [
        0.1828788701631942,
        0.13060458431906966,
        0.11775916648331862,
        0.10990072692184556,
        0.10501620327183513,
        0.10128049479507376,
        0.09845230483220893,
        0.09610567418953303,
        0.09417543192278849,
        0.09254054776209866
    ],
    "train_time": [
        11.161470174789429,
        10.047003746032715,
        10.726711988449097,
        10.864872932434082,
        11.135881423950195,
        9.247923135757446,
        9.876245021820068,
        9.101197004318237,
        10.378679037094116,
        9.003443002700806
    ],
    "val_acc": [
        0.9526628028626484,
        0.9592758042024155,
        0.9630002823836162,
        0.965188444414589,
        0.9667210286227517,
        0.9680073046546025,
        0.9693358760298605,
        0.9696742387771172,
        0.9690199049349958,
        0.9706171761389576
    ],
    "val_precision": [
        0.9497936067184364,
        0.9600523142596602,
        0.9649751712168543,
        0.9668929461017514,
        0.9670136482058375,
        0.9699935663827779,
        0.9698262735284535,
        0.9712414593612532,
        0.9714373889724885,
        0.9700429967253987
    ],
    "val_recall": [
        0.9552313616892978,
        0.9592946828905955,
        0.9623961757360131,
        0.963647262024948,
        0.9661531924645613,
        0.967135496651907,
        0.9691374879718077,
        0.968674786660606,
        0.96759597884048,
        0.971094959837761
    ],
    "val_f1": [
        0.9523218470767194,
        0.9596612807568928,
        0.9636106755273364,
        0.9651977686336369,
        0.9665577787995225,
        0.9684785679230965,
        0.969438750617938,
        0.9699255054747669,
        0.9693833307509548,
        0.9704623797560876
    ]
}