{
    "epochs": 10,
    "train_time_avg_seconds": 6.27950222492218,
    "learnable_parameters": 33304,
    "best_val_loss": 255.39686778187752,
    "best_val_loss_epoch": 9,
    "dead_neurons_percent": 0.0,
    "test_acc": 0.873983433898868,
    "test_precision": 0.8739478056177061,
    "test_recall": 0.873983433898868,
    "test_f1": 0.8736355629907658,
    "train_acc": [
        0.8093207274164476,
        0.8292482459415546,
        0.8349931305560437,
        0.8384524655981339,
        0.8408076781386055,
        0.84261998157841,
        0.8443798600805069,
        0.8452460266784289,
        0.846550607924909,
        0.8475761818757928
    ],
    "train_loss": [
        0.48955881091314635,
        0.43919216262331173,
        0.42506993551680267,
        0.41617038961516195,
        0.4100144062099065,
        0.4056882544093951,
        0.40172922630757746,
        0.3988083924832476,
        0.3959562726145315,
        0.3934314415683045
    ],
    "train_time": [
        6.78138279914856,
        7.352620840072632,
        6.98550009727478,
        6.917314767837524,
        7.443775177001953,
        6.946068286895752,
        5.121921062469482,
        5.070879936218262,
        5.0853352546691895,
        5.090224027633667
    ],
    "val_acc": [
        0.8520496447813144,
        0.8597573491269122,
        0.865623962053613,
        0.8665059443617197,
        0.8689963936999842,
        0.8722270115478727,
        0.8729671800574967,
        0.8719943871591337,
        0.8743007273555086,
        0.8728577097569137
    ],
    "val_precision": [
        0.8617831051724499,
        0.8664641682298104,
        0.8715690134327627,
        0.8695407380367196,
        0.8749791084392738,
        0.8756230696981643,
        0.8766036488189616,
        0.8787839525091874,
        0.8793556526573738,
        0.8769067886814284
    ],
    "val_recall": [
        0.8348247881959994,
        0.8475676354279564,
        0.850600943941352,
        0.8581100099463066,
        0.8552553621240994,
        0.8634161197625366,
        0.8640607657895184,
        0.8624141083388112,
        0.8634329777669812,
        0.864066743744252
    ],
    "val_f1": [
        0.8453720216967354,
        0.8555431801150775,
        0.859864621702738,
        0.8634066599376675,
        0.8637970804547193,
        0.8689593136032708,
        0.8697900846667755,
        0.8693220962387426,
        0.870649923073704,
        0.8690951408620109
    ]
}