{
    "epochs": 10,
    "train_time_avg_seconds": 8.758035778999329,
    "learnable_parameters": 423847,
    "best_val_loss": 68.53415666893125,
    "best_val_loss_epoch": 9,
    "dead_neurons_percent": 0.0,
    "test_acc": 0.9661581063118997,
    "test_precision": 0.9662144149592486,
    "test_recall": 0.9661581063118997,
    "test_f1": 0.9661511848037936,
    "train_acc": [
        0.9238384721915917,
        0.9442106252731206,
        0.9490928975227528,
        0.9520748990642237,
        0.9538788500563257,
        0.9551677926773202,
        0.9563293160429372,
        0.9571315064456906,
        0.9579376065048152,
        0.9584734071393524
    ],
    "train_loss": [
        0.19606613474484572,
        0.14379823748889925,
        0.13101852108389572,
        0.12378741788719896,
        0.11890937227571419,
        0.11562769059390046,
        0.11281663189971551,
        0.11069929045035329,
        0.10868954532434066,
        0.10722084691832072
    ],
    "train_time": [
        7.879482984542847,
        8.075675964355469,
        8.421419143676758,
        9.013437986373901,
        8.989727973937988,
        8.981489896774292,
        9.059178113937378,
        8.995252847671509,
        9.182366847991943,
        8.982326030731201
    ],
    "val_acc": [
        0.9477951064287679,
        0.955369704840702,
        0.9588205072704451,
        0.9618956275322782,
        0.9632130030813402,
        0.9632453465792397,
        0.9647717108839602,
        0.9657158922264891,
        0.9660020077848311,
        0.9664150093733945
    ],
    "val_precision": [
        0.9479770660897391,
        0.9589841711859443,
        0.9600374660851422,
        0.9631545700331039,
        0.9657776475005686,
        0.9655686377356584,
        0.96707805009405,
        0.9683319727076226,
        0.9681520114262143,
        0.9673602301515057
    ],
    "val_recall": [
        0.9499664808218781,
        0.9539918173141289,
        0.9591972882964638,
        0.9617004631908092,
        0.9616197770861811,
        0.9623243995369338,
        0.9640289095900636,
        0.9641508405550278,
        0.9651041683006384,
        0.9662257490255802
    ],
    "val_f1": [
        0.9487994015330405,
        0.9563731302078928,
        0.9595270288787516,
        0.9623942791069556,
        0.9636459874884086,
        0.963787527046703,
        0.9654684570232247,
        0.9661360909222412,
        0.9665756873877422,
        0.9667129227426398
    ]
}