{
    "epochs": 10,
    "train_time_avg_seconds": 6.879459118843078,
    "learnable_parameters": 239587,
    "best_val_loss": 89.9426685795188,
    "best_val_loss_epoch": 10,
    "dead_neurons_percent": 0.0,
    "test_acc": 0.9552552307865508,
    "test_precision": 0.9552382653435121,
    "test_recall": 0.9552552307865508,
    "test_f1": 0.955183311276665,
    "train_acc": [
        0.9098237757932915,
        0.929100514244211,
        0.9341173142153506,
        0.9370973609286358,
        0.9388865618535184,
        0.9404582437148276,
        0.941526290750837,
        0.9424969518008677,
        0.9432008676593758,
        0.9438987413216735
    ],
    "train_loss": [
        0.23064969754418604,
        0.18111256053983038,
        0.16864894123360233,
        0.1612134158971897,
        0.1563933083565236,
        0.15248728854367524,
        0.14987181478859166,
        0.14750444686265318,
        0.1456260291189823,
        0.1439553592570961
    ],
    "train_time": [
        6.906322002410889,
        6.857268333435059,
        7.1489012241363525,
        6.654977798461914,
        6.688807964324951,
        6.643314838409424,
        6.775431871414185,
        6.7756500244140625,
        7.1180291175842285,
        7.225888013839722
    ],
    "val_acc": [
        0.9355667762613653,
        0.9424746010242937,
        0.9465361979720627,
        0.948953252449709,
        0.9506388462825504,
        0.951355379159094,
        0.952625483441995,
        0.9534477546770564,
        0.9552030114284505,
        0.9552801382311341
    ],
    "val_precision": [
        0.9429292447318056,
        0.9467840009761238,
        0.9506524042916421,
        0.9542429882475495,
        0.9560227957815199,
        0.956366015761273,
        0.9541673965455232,
        0.9579853458861113,
        0.9591189652308679,
        0.9597899045697366
    ],
    "val_recall": [
        0.9279370813298945,
        0.9391223080592656,
        0.944257046361387,
        0.9456203795096211,
        0.9471575279682553,
        0.9483928973055414,
        0.9525772291365467,
        0.9514609631807527,
        0.9532684303074557,
        0.9521916535635073
    ],
    "val_f1": [
        0.9346425398694219,
        0.9427880293631485,
        0.9471973974750297,
        0.9495381201140344,
        0.9514155990021894,
        0.952126555373419,
        0.9532830551595818,
        0.9545866119667058,
        0.9560163443898767,
        0.9558347269711085
    ]
}