{
    "epochs": 10,
    "train_time_avg_seconds": 5.0192574739456175,
    "learnable_parameters": 48487,
    "best_val_loss": 229.2140586823225,
    "best_val_loss_epoch": 9,
    "dead_neurons_percent": 0.0,
    "test_acc": 0.886399612872969,
    "test_precision": 0.8867932706193046,
    "test_recall": 0.886399612872969,
    "test_f1": 0.8860426226335915,
    "train_acc": [
        0.7445526491209582,
        0.799708481804015,
        0.8164940582997295,
        0.8259842160063819,
        0.8322064341214904,
        0.8376652029742533,
        0.8419409453513563,
        0.844807967453177,
        0.8478551891713892,
        0.8499976808629252
    ],
    "train_loss": [
        0.651118079051267,
        0.5080591497571361,
        0.4675309845616463,
        0.4442812569081523,
        0.42921495425692463,
        0.4163145593203485,
        0.40628432806207104,
        0.39897787098107207,
        0.3923586323271672,
        0.3869391654006692
    ],
    "train_time": [
        5.196099042892456,
        4.853649854660034,
        4.9621570110321045,
        4.995913028717041,
        5.013200044631958,
        5.021785020828247,
        5.009302139282227,
        4.952303647994995,
        5.1554059982299805,
        5.032758951187134
    ],
    "val_acc": [
        0.8207000874518424,
        0.8504822291138753,
        0.860345751992546,
        0.8660270117966689,
        0.8755720756190981,
        0.8764727176375314,
        0.8817957110033824,
        0.8856470752148043,
        0.8866186241324789,
        0.8867156546261776
    ],
    "val_precision": [
        0.8172179471977584,
        0.8464459661850748,
        0.8546505611912346,
        0.8574017933707057,
        0.8679011304380284,
        0.8741273111383974,
        0.8805496268585797,
        0.8825417078129726,
        0.8884370305874899,
        0.8822804868568259
    ],
    "val_recall": [
        0.7876149301618943,
        0.8231110268292771,
        0.8453289599081669,
        0.8514189963912407,
        0.8576315767654317,
        0.8560738445477636,
        0.8610533167552414,
        0.8692519683758668,
        0.8670449146517223,
        0.8726224961492035
    ],
    "val_f1": [
        0.7966291351500514,
        0.8323620702750562,
        0.8492856233795492,
        0.8541891767987843,
        0.8621700040713142,
        0.8634265500344467,
        0.8696170347884317,
        0.8752797782497386,
        0.8764344258764442,
        0.8770042424841097
    ]
}